semana,pilar,titulo_propuesto,consulta_objetivo,impresiones_16m,pagina_a_enlazar,requiere_del_cliente,notas
1,Educación,"Cómo llegar de Flores a San Ignacio, Belice: shuttle, frontera y tiempos",flores to san ignacio shuttle,86,/belice y servicio «Flores a San Ignacio»,"Duración real, documentos y horarios",
1,Venta,Tikal al amanecer o al atardecer: cuál elegir,tikal amanecer / atardecer en tikal,184,Servicios Tikal Amanecer y Atardecer,Horarios de salida de cada tour,Tabla comparativa
2,Educación,Cayo Caulker desde Flores: cómo llegar paso a paso,cayo caulker belice como llegar,190,Servicio «Flores a Caye Caulker»,Ruta real (incluye ferry) y tiempos,Consulta con más impresiones de los transfers
2,Inspiración,Atardecer en Yaxhá: qué esperar y cómo prepararte,atardecer en yaxha,283,Servicio «Atardecer Yaxha»,Fotos reales propias,Ya rinde (CTR ~3 %): enlazar al servicio
3,Educación,Qué llevar a Tikal: lista práctica para tu visita,(tema que cubren los competidores),,Servicios de Tikal,"Qué incluye el tour (agua, almuerzo)",
3,Autoridad,Tikal contra Yaxhá: diferencias y cuál visitar,tikal vs yaxha,,Servicios de Tikal y Yaxhá,,
4,Educación,Pirámide de Tikal: los templos que no te puedes perder,pirámide de tikal (y variantes),4924,/tikal y servicios de Tikal,,Mayor volumen de impresiones; búsqueda informativa
4,Educación,De Flores a Livingston: cómo ir y qué ver,flores to livingston,66,Servicio «Flores a Livingston»,Duración real y ruta,Selva Maya ya aparece en el 4.º lugar
5,Educación,De Flores a Antigua Guatemala: opciones de viaje,flores to antigua,107,Servicio «Flores a Antigua Guatemala – Directo»,Duración real del servicio directo,Hoy posición ~19
5,Prueba social,Lo que cuentan los viajeros que fueron a Tikal,(marca + Tikal),,Servicios de Tikal,Testimonios reales con permiso de publicación,No usar reseñas inventadas
6,Autoridad,Cuánto dura un tour a Tikal y a qué hora conviene salir,duración tour tikal,,Servicios de Tikal,Duración y horarios reales,
6,Inspiración,Chechenal: la playa del lago Petén Itzá,playa chechenal,319,/lago-peten,Si el tour de Tayasal y Chechenal sigue en venta,Cluster Chechenal: 850 impresiones
7,Educación,"Qué hacer en Flores, Petén, en un día",qué hacer en flores petén,,/flores,,
7,Confianza,Detrás de cámaras: cómo se organiza un tour de Selva Maya Tours,(marca),,/nosotros,Fotos del equipo y los vehículos,Ejemplo del propio plan del cliente
8,Educación,La Danta y El Mirador: qué son y cómo se visitan,danta tours,107,/treks,"Si ofrecen el trek: duración, dificultad, precio",Tikal Expedition es 1.º hoy
8,Venta,"Transfers desde Flores: todas las rutas, precios y horarios",flores to … (varias rutas),,/transfers,Duración y horarios de cada ruta,Dominan Rome2rio y Bookaway
9,Educación,La selva de Petén y la Reserva de la Biosfera Maya,selva de petén (y variantes),1607,/tours,,Tema amplio: competir con portales y Wikipedia
9,Prueba social,Fotos y reseñas de viajeros en Yaxhá,(marca + Yaxhá),,Servicios de Yaxhá,Fotos y testimonios reales,
10,Educación,Cráter Azul: cómo llegar y qué esperar,crater azul,,/experiencias,Confirmar que el tour sigue en venta,Depende de la confirmación del cliente
10,Autoridad,5 errores al visitar Tikal (y cómo evitarlos),errores visitar tikal,,Servicios de Tikal,,Ejemplo del propio plan del cliente
11,Inspiración,Amanecer en Tikal: consejos para fotografiarlo,amanecer en tikal,126,Servicio Tikal Amanecer,Fotos propias,
11,Venta,Tikal y Yaxhá en un solo viaje: cómo combinarlos,tikal y yaxha,,Servicios de Tikal y Yaxhá,Si existe un paquete combinado y su precio,Solo si el paquete existe
12,Educación,Cataratas de Mopán: cómo llegar desde Flores,cataratas mopan,,/experiencias,Confirmar que el tour sigue en venta,Depende de la confirmación del cliente
12,Confianza,Preguntas frecuentes antes de reservar un tour,(FAQ de marca),,/faqs,Política de cancelación y formas de pago,
