slug,url_antigua,nombre,precio_gtq,visible,tipo,id,salida,duracion_horas,nota,destino_propuesto
atardecer-yaxha,/product-page/atardecer-yaxha,Flores to San Ignacio Belize Shuttle Transfer,175,sí,physical,59888f27-f4de-84c8-ff4f-6e8afe4c08cc,7:00,4,OJO: el slug dice «atardecer-yaxha» pero el producto es el shuttle a San Ignacio,/service-page/flores-a-san-ignacio-belice
atardecer-yaxha-1,/product-page/atardecer-yaxha-1,Atardecer Yaxha,175,sí,physical,8003dd07-69a8-7888-a59f-d70f88f6637a,,,,/service-page/atardecer-yaxha-tour-grupo-1
crater-azul,/product-page/crater-azul,Crater Azul,350,sí,digital,86e77605-7fcf-02a0-6f2d-5403a9edcf18,,,Sin servicio de Bookings,/tours
flores-a-río-dulce,/product-page/flores-a-río-dulce,Flores a Río Dulce Shuttle Transfer,150,sí,physical,e1b966e4-2d55-f683-1ccd-841687b9216d,6:00,4,,/service-page/flores-a-río-dulce
tikal-amanecer-en-grupo,/product-page/tikal-amanecer-en-grupo,Tikal Amanecer en Grupo,200,sí,physical,86e61266-2529-0aef-e3ca-eb7c488b25d6,,,"Precio incluye entrada al parque, traslados Flores-Tikal-Flores, guía en inglés/español y ticket especial",/service-page/tikal-amanecer-tour-grupo-1
tikal-atardecer-en-grupo,/product-page/tikal-atardecer-en-grupo,Tikal Atardecer en Grupo,200,sí,physical,dfb8e849-5d0c-e556-f2c1-8d85f1e51e04,,,Mismo texto de inclusiones que el amanecer,/service-page/tikal-atardecer-tour-grupo
tikal-día-tour-en-grupo,/product-page/tikal-día-tour-en-grupo,Tikal Día Tour en Grupo - 4:30 am (salida),175,sí,physical,eecfc400-6971-f196-c26c-197f9db06d34,4:30,,,/service-page/tikal-de-día-tour-grupo-1
tikal-día-tour-en-grupo-10-00-am-salida,/product-page/tikal-día-tour-en-grupo-10-00-am-salida,Tikal Día Tour en Grupo - 10:00 am (salida),175,sí,physical,20bfcf7d-125c-6497-0b26-cafc7a04ff70,10:00,,,/service-page/tikal-de-día-tour-grupo-1
tikal-día-tour-en-grupo-6-00-am-salida,/product-page/tikal-día-tour-en-grupo-6-00-am-salida,Tikal Día Tour en Grupo - 6:00 am (salida),175,sí,physical,555ecdee-7d57-64d7-f2fb-edd9dc7e2af3,6:00,,,/service-page/tikal-de-día-tour-grupo-1
tikal-día-tour-en-grupo-8-00-am-salida,/product-page/tikal-día-tour-en-grupo-8-00-am-salida,Tikal Día Tour en Grupo - 8:00 am (salida),175,sí,physical,092a0f12-1e7d-cc62-ff6d-4aee4eb49862,8:00,,,/service-page/tikal-de-día-tour-grupo-1
tikal-tour-personalizado,/product-page/tikal-tour-personalizado,Tikal Tour Personalizado,800,sí,physical,e52ec38a-3d56-3235-f10f-eb856f1390e1,,,Pide la fecha del servicio,/tours
transfer-flores-a-antigua-guatemala,/product-page/transfer-flores-a-antigua-guatemala,Flores a Antigua Guatemala Shuttle Transfer,350,sí,physical,54005fe1-ea60-3613-0776-bd5f75bdc4f7,6:00,12,Paradas en Río Dulce y Ciudad de Guatemala,/service-page/flores-a-antigua-guatemala-directo
transfer-flores-a-bacalar-méxico,/product-page/transfer-flores-a-bacalar-méxico,"Transfer Flores a Bacalar, México",375,sí,physical,be543fb5-9309-ba8f-04ea-df352a39dc02,,11,,/service-page/flores-a-bacalar-méxico
transfer-flores-a-caye-caulker,/product-page/transfer-flores-a-caye-caulker,Flores to Caye Caulker Transfer Service,325,sí,physical,8bff645d-0fa6-20a2-73d4-ae49aaa2990c,7:00,8,Incluye lancha (water taxi); almuerzo en Belize City,/service-page/flores-a-caye-caulker
transfer-flores-a-caye-san-pedro,/product-page/transfer-flores-a-caye-san-pedro,Flores to Ambergris (Caye San Pedro) Transfer Service,350,sí,physical,2fb857ac-c921-8807-b355-d90716d7595e,7:00,10,Incluye lancha (water taxi); almuerzo en Belize City,/service-page/flores-a-caye-san-pedro
transfer-flores-a-chetumal-méxico,/product-page/transfer-flores-a-chetumal-méxico,"Transfer Flores a Chetumal, México",350,sí,physical,cfc0764a-1221-acf3-d699-8f20fc0e8154,,10,,/service-page/flores-a-chetumal-méxico
transfer-flores-a-ciudad-de-belice,/product-page/transfer-flores-a-ciudad-de-belice,Flores to Belize City Shuttle Transfer,175,sí,physical,7e318190-8dc1-5f2f-920b-d55b9e704fa0,7:00,6,Los deja cerca de los muelles,/service-page/flores-a-ciudad-de-belice
transfer-flores-a-guatemala,/product-page/transfer-flores-a-guatemala,Flores a Guatemala Ciudad Shuttle Transfer,250,sí,physical,c5a86e2a-70d6-234a-859e-46a926ab2bb9,6:00,10,Parada en Río Dulce,/service-page/flores-a-ciudad-de-guatemala
transfer-flores-a-lanquín,/product-page/transfer-flores-a-lanquín,Flores to Lanquin Shuttle Transfer,175,sí,physical,98808da1-299b-20cc-b02a-80e43658b5af,8:00,10,Parada en Cobán para almorzar,/service-page/flores-a-lanquín
transfer-flores-a-livinston,/product-page/transfer-flores-a-livinston,Flores a Livinstong Service,300,sí,physical,d0003479-65d2-9ec2-ac56-5b22f0ed929c,6:00,8,Tramo por tierra y por agua; parada en Río Dulce,/service-page/flores-a-livingston
transfer-flores-a-palenque-méxico,/product-page/transfer-flores-a-palenque-méxico,"Transfer Flores a Palenque, México",400,sí,physical,3aa8648d-7bb1-f69b-0c96-29de4cb4938a,,,Descripción vacía; sin servicio de Bookings,/tours
transfer-flores-a-panajachel,/product-page/transfer-flores-a-panajachel,Flores a Panajachel Shuttle Transfer,400,sí,physical,e022a4cd-4d69-ad54-145a-4498a70f3cae,6:00,14,"Paradas en Río Dulce, Ciudad de Guatemala y Antigua",/service-page/flores-a-panajachel
yaxha-de-día,/product-page/yaxha-de-día,Yaxha Tour de Dia,175,sí,physical,94ad4418-d250-2f83-1db6-26515f0a1b2f,7:00,9,"Incluye sitios Astronómico y Arqueológico, Topoxte y paseo en lancha",/service-page/yaxha-de-día-tour-grupo
