dominio,url_antigua,estado_actual,clics_16m,impresiones_16m,url_nueva_propuesta,confianza
selvamayatours.com,/trek-piramide-la-danta-aventura-selva-profunda.html,400,94,1257,/tours,crear:/treks
selvamayatours.com,/belice-flores-viaje-selva-mar-caribe.html,400,73,899,/service-page/flores-a-ciudad-de-belice,revisar
jaguarmayatours.com,/product-page/atardecer-yaxha-1,404,38,898,/service-page/atardecer-yaxha-tour-grupo-1,auto
jaguarmayatours.com,/product-page/tikal-amanecer-en-grupo,404,33,960,/service-page/tikal-amanecer-tour-grupo-1,auto
selvamayatours.com,/lanquin-flores-viaje-cuevas-semuc-champey.html,400,26,468,/service-page/flores-a-lanquín,auto
selvamayatours.com,/biosfera-aventura-explora-reserva-natural-mas-grande-guatemala.html,400,23,413,/tours,revisar
jaguarmayatours.com,/product-page/atardecer-yaxha,404,19,602,/service-page/atardecer-yaxha-tour-grupo-1,auto
jaguarmayatours.com,/product-page/transfer-flores-a-caye-caulker,404,19,418,/service-page/flores-a-caye-caulker,auto
jaguarmayatours.com,/product-page/tikal-atardecer-en-grupo,404,19,374,/service-page/tikal-atardecer-tour-grupo,auto
jaguarmayatours.com,/product-page/transfer-flores-a-ciudad-de-belice,404,17,393,/service-page/flores-a-ciudad-de-belice,auto
selvamayatours.com,/tour-selva-aventura-naturaleza-peten.html,400,14,1451,/tours,revisar
selvamayatours.com,/jungle-tour-adventure-peten-natural-beauty.html,400,14,321,/tours,revisar
selvamayatours.com,/flores-rio-dulce-navega-naturaleza-cultura.html,400,14,305,/service-page/flores-a-río-dulce,auto
jaguarmayatours.com,/product-page/flores-a-río-dulce,404,14,463,/service-page/flores-a-río-dulce,auto
selvamayatours.com,/tour-tikal-flores-peten-explora-maravilla-maya.html,400,13,208,/tours,revisar
selvamayatours.com,/chechenal-playas-arena-blanca-lago-peten-itza.html,400,12,1890,/tours,crear:/lago-peten
selvamayatours.com,/piramide-tikal-estructura-imponente-civilizacion-maya.html,400,11,6920,/tours,revisar
jaguarmayatours.com,/product-page/transfer-flores-a-chetumal-méxico,404,11,123,/service-page/flores-a-chetumal-méxico,auto
jaguarmayatours.com,/post/https-www-jaguarmayatours-com,404,10,2798,/blog,revisar
selvamayatours.com,/tours-expeditions-flores-peten-tikal-travelers-guatemala-discover-mayan-jungle.html,400,9,510,/tours,revisar
selvamayatours.com,/jungla-maya-viaje-tierra-antiguos-mayas.html,400,9,505,/tours,revisar
selvamayatours.com,/jungla-jaguar-explora-habitat-felino-majestuoso.html,400,8,252,/tours,revisar
jaguarmayatours.com,/product-page/transfer-flores-a-antigua-guatemala,404,6,328,/service-page/flores-a-antigua-guatemala-directo,auto
jaguarmayatours.com,/product-page/transfer-flores-a-panajachel,404,6,272,/service-page/flores-a-panajachel,auto
selvamayatours.com,/guatemala-tours-discover-natural-cultural-treasures.html,400,5,161,/tours,revisar
selvamayatours.com,/tour-crater-azul-paraiso-aguas-cristalinas-peten.html,400,5,158,/tours,revisar
selvamayatours.com,/amanecer-tikal-belleza-nuevo-dia.html,400,5,99,/service-page/tikal-amanecer-tour-grupo-1,auto
selvamayatours.com,/piramide-guatemala-descubre-templos-mayas-impresionantes.html,400,4,1803,/tours,revisar
selvamayatours.com,/jungla-aventura-vive-emocion-explorar-selva-maya.html,400,4,70,/tours,revisar
jaguarmayatours.com,/post/tikal-amanecer-desde-floresguatemala,404,4,98,/blog,revisar
selvamayatours.com,/caye-caulker-beach-relajate-paraiso-caribeno-belice.html,400,3,119,/service-page/flores-a-caye-caulker,auto
selvamayatours.com,/tikal-tour-descubre-maravilla-arqueologica-guatemala.html,400,3,111,/tours,revisar
selvamayatours.com,/amanecer-tikal-belleza-nuevo-dia-izabal.html,400,3,65,/service-page/tikal-amanecer-tour-grupo-1,auto
jaguarmayatours.com,/product-page/transfer-flores-a-caye-san-pedro,404,3,56,/service-page/flores-a-caye-san-pedro,auto
selvamayatours.com,/tours-guatemala-adventure-history-nature-one-destination.html,400,2,230,/tours,revisar
selvamayatours.com,/jaguar-jungle-explore-habitat-majestic-feline.html,400,2,71,/tours,revisar
selvamayatours.com,/tours-expediciones-flores-peten-tikal-turistas-egipto-descubre-arquitectura-maya.html,400,2,56,/tours,revisar
selvamayatours.com,/tours-expeditions-flores-peten-tikal-travelers-united-kingdom-journey-mayan-jungle.html,400,2,16,/tours,revisar
selvamayatours.com,/sunset-tikal-magic-mayan-twilight.html,400,2,6,/service-page/tikal-atardecer-tour-grupo,auto
jaguarmayatours.com,/product-page/transfer-flores-a-lanquín,404,2,144,/service-page/flores-a-lanquín,auto
jaguarmayatours.com,/product-page/tikal-día-tour-en-grupo-8-00-am-salida,404,2,45,/service-page/tikal-de-día-tour-grupo-1,auto
selvamayatours.com,/crater-azul-santuario-natural-aguas-cristalinas-peten.html,400,1,406,/tours,revisar
selvamayatours.com,/jungla-explora-naturaleza-salvaje-peten.html,400,1,190,/tours,revisar
selvamayatours.com,/mopan-descubre-cultura-naturaleza-region.html,400,1,121,/,revisar
selvamayatours.com,/imagen-selva-descubre-belleza-natural-selva-maya.html,400,1,110,/tours,revisar
selvamayatours.com,/tours-flores-explora-tesoros-peten.html,400,1,93,/tours,revisar
selvamayatours.com,/transfer-flores-connection-adventure-peten.html,400,1,38,/tours,crear:/transfers
selvamayatours.com,/biosphere-adventure-explore-guatemala-largest-natural-reserve.html,400,1,36,/tours,revisar
selvamayatours.com,/mopan-discover-culture-nature-region.html,400,1,33,/,revisar
selvamayatours.com,/lanquin-flores-journey-caves-semuc-champey.html,400,1,29,/service-page/flores-a-lanquín,auto
selvamayatours.com,/selva-maya-tours-explora-la-civilizacion-maya-en-tikal-y-peten-con-tours-guiados-reserva-desde-suiza.html,400,1,25,/tours,revisar
selvamayatours.com,/tours-expeditions-flores-peten-tikal-travelers-bangladesh-discover-mysteries-tikal.html,400,1,12,/tours,revisar
selvamayatours.com,/tours-expeditions-flores-peten-tikal-tourists-canada-journey-history-nature.html,400,1,12,/tours,revisar
selvamayatours.com,/antigua-tikal-tour-colonial-charm-mayan-wonders.html,400,1,12,/service-page/flores-a-antigua-guatemala-directo,auto
jaguarmayatours.com,/product-page/transfer-flores-a-livinston,404,1,55,/service-page/flores-a-livingston,auto
jaguarmayatours.com,/category/all-products,404,1,47,/tours,revisar
jaguarmayatours.com,/product-page/transfer-flores-a-guatemala,404,1,41,/service-page/flores-a-ciudad-de-guatemala,auto
jaguarmayatours.com,/product-page/yaxha-de-día,404,1,35,/service-page/yaxha-de-día-tour-grupo,auto
jaguarmayatours.com,/product-page/tikal-día-tour-en-grupo,404,1,32,/service-page/tikal-de-día-tour-grupo-1,auto
jaguarmayatours.com,/post/tikal-amanecer-desde-peten,404,1,29,/blog,revisar
jaguarmayatours.com,/product-page/tikal-día-tour-en-grupo-10-00-am-salida,404,1,16,/service-page/tikal-de-día-tour-grupo-1,auto
jaguarmayatours.com,/service-page/flores-livingston,404,1,1,/service-page/flores-a-livingston,auto
selvamayatours.com,/tours-expeditions-flores-peten-tikal-travelers-united-states-journey-mayan-culture.html,400,0,40,/tours,revisar
selvamayatours.com,/tours-expediciones-flores-peten-tikal-turistas-malasia-viaje-historia-antigua.html,400,0,32,/service-page/flores-a-antigua-guatemala-directo,auto
selvamayatours.com,/tikal-tour-flores-explore-mayan-wonder.html,400,0,29,/tours,revisar
selvamayatours.com,/chechenal-white-sand-beaches-lake-peten-itza.html,400,0,28,/tours,crear:/lago-peten
selvamayatours.com,/tours-expeditions-flores-peten-tikal-tourists-egypt-discover-mayan-architecture.html,400,0,23,/tours,revisar
selvamayatours.com,/amanecer-tikal-belleza-nuevo-dia-rumania.html,400,0,22,/service-page/tikal-amanecer-tour-grupo-1,auto
selvamayatours.com,/aventura-mayas-vive-historia-naturaleza-solo-viaje.html,400,0,21,/tours,revisar
selvamayatours.com,/tours-expediciones-flores-peten-tikal-turistas-brasil-descubre-magia-tikal.html,400,0,19,/tours,revisar
selvamayatours.com,/guatemala-tours-descubre-magia-tierra-maya.html,400,0,18,/tours,revisar
selvamayatours.com,/amanecer-tikal-belleza-nuevo-dia-japon.html,400,0,17,/service-page/tikal-amanecer-tour-grupo-1,auto
selvamayatours.com,/amanecer-tikal-belleza-nuevo-dia-jalapa.html,400,0,15,/service-page/tikal-amanecer-tour-grupo-1,auto
selvamayatours.com,/caye-caulker-paraiso-caribeno-aventureros-viajeros.html,400,0,14,/service-page/flores-a-caye-caulker,auto
selvamayatours.com,/flores-maya-historia-cultura-isla-flores.html,400,0,11,/tours,crear:/lago-peten
selvamayatours.com,/viajes-tikal-flores-peten-historia-naturaleza-tour.html,400,0,11,/tours,revisar
selvamayatours.com,/pyramid-tikal-monument-mayan-greatness.html,400,0,11,/tours,revisar
selvamayatours.com,/amanecer-tikal-belleza-nuevo-dia-kenia.html,400,0,10,/service-page/tikal-amanecer-tour-grupo-1,auto
selvamayatours.com,/amanecer-tikal-belleza-nuevo-dia-tunez.html,400,0,10,/service-page/tikal-amanecer-tour-grupo-1,auto
selvamayatours.com,/tour-isla-flores-encanto-colonial-corazon-peten.html,400,0,10,/tours,crear:/lago-peten
selvamayatours.com,/tours-expeditions-flores-peten-tikal-travelers-taiwan-explore-jungle-mayan-temples.html,400,0,9,/tours,revisar
selvamayatours.com,/image-jaguar-majesty-jungle-feline.html,400,0,8,/tours,revisar
selvamayatours.com,/tours-expediciones-flores-peten-tikal-viajeros-guatemala-descubre-selva-maya.html,400,0,7,/tours,revisar
selvamayatours.com,/tours-expeditions-flores-peten-tikal-adventurers-belize-explore-mayan-civilization.html,400,0,7,/service-page/flores-a-ciudad-de-belice,revisar
selvamayatours.com,/amanecer-tikal-belleza-nuevo-dia-solola.html,400,0,6,/service-page/tikal-amanecer-tour-grupo-1,auto
selvamayatours.com,/isla-flores-guatemala-colonial-charm-heart-peten.html,400,0,6,/tours,crear:/lago-peten
selvamayatours.com,/caye-san-pedro-flores-aventura-relax-belice.html,400,0,6,/service-page/flores-a-caye-san-pedro,auto
selvamayatours.com,/isla-flores-guatemala-encanto-colonial-corazon-peten.html,400,0,4,/tours,crear:/lago-peten
selvamayatours.com,/amanecer-tikal-belleza-nuevo-dia-rusia.html,400,0,4,/service-page/tikal-amanecer-tour-grupo-1,auto
selvamayatours.com,/maya-tour-recorrido-historia-naturaleza.html,400,0,4,/tours,revisar
selvamayatours.com,/amanecer-tikal-belleza-nuevo-dia-peten.html,400,0,4,/service-page/tikal-amanecer-tour-grupo-1,auto
selvamayatours.com,/tikal-tours-guatemala-city-explore-mayan-wonder-capital.html,400,0,4,/tours,revisar
selvamayatours.com,/atardecer-yaxha-espectaculo-natural-laguna.html,400,0,3,/service-page/atardecer-yaxha-tour-grupo-1,auto
selvamayatours.com,/tour-tikal-flores-historical-adventure-mayan-jungle.html,400,0,3,/tours,revisar
selvamayatours.com,/caye-caulker-flores-relax-belizean-caribbean.html,400,0,3,/service-page/flores-a-caye-caulker,auto
selvamayatours.com,/amanecer-tikal-belleza-nuevo-dia-zacapa.html,400,0,3,/service-page/tikal-amanecer-tour-grupo-1,auto
selvamayatours.com,/rio-dulce-flores-sail-nature-culture.html,400,0,3,/service-page/flores-a-río-dulce,auto
selvamayatours.com,/flores-rio-dulce-sail-through-nature-culture.html,400,0,3,/service-page/flores-a-río-dulce,auto
selvamayatours.com,/amanecer-tikal-belleza-nuevo-dia-la-india.html,400,0,2,/service-page/tikal-amanecer-tour-grupo-1,auto
selvamayatours.com,/tours-expeditions-flores-peten-tikal-explorers-vietnam-history-nature-tour.html,400,0,2,/tours,revisar
selvamayatours.com,/flores-maya-history-culture-isla-flores.html,400,0,2,/tours,crear:/lago-peten
selvamayatours.com,/amanecer-tikal-belleza-nuevo-dia-quiche.html,400,0,2,/service-page/tikal-amanecer-tour-grupo-1,auto
selvamayatours.com,/crater-azul-paradise-crystal-clear-waters-peten.html,400,0,2,/tours,revisar
selvamayatours.com,/guatemala-tours-discover-magic-mayan-land.html,400,0,2,/tours,revisar
selvamayatours.com,/tours-expediciones-flores-peten-tikal-exploradores-vietnam-historia-naturaleza-tour.html,400,0,1,/tours,revisar
selvamayatours.com,/tours-flores-explore-treasures-peten.html,400,0,1,/tours,revisar
selvamayatours.com,/tours-expeditions-flores-peten-tikal-tourists-brazil-discover-magic-tikal.html,400,0,1,/tours,revisar
selvamayatours.com,/tours-expeditions-flores-peten-tikal-tourists-turkey-experience-magic-mayan-culture.html,400,0,1,/tours,revisar
selvamayatours.com,/sunrise-tikal-beauty-new-day.html,400,0,1,/service-page/tikal-amanecer-tour-grupo-1,auto
selvamayatours.com,/amanecer-tikal-belleza-nuevo-dia-ecuador.html,400,0,1,/service-page/tikal-amanecer-tour-grupo-1,auto
selvamayatours.com,/amanecer-tikal-belleza-nuevo-dia-usa.html,400,0,1,/service-page/tikal-amanecer-tour-grupo-1,auto
selvamayatours.com,/caye-caulker-flores-relajate-caribe-beliceno.html,400,0,1,/service-page/flores-a-caye-caulker,auto
selvamayatours.com,/tikal-tour-antigua-viaja-ciudad-colonial-selva-maya.html,400,0,1,/service-page/flores-a-antigua-guatemala-directo,auto
selvamayatours.com,/tours-expeditions-flores-peten-tikal-tourists-mexico-experience-mayan-adventure.html,400,0,1,/tours,revisar
selvamayatours.com,/amanecer-tikal-belleza-nuevo-dia-mexico.html,400,0,1,/service-page/tikal-amanecer-tour-grupo-1,auto
selvamayatours.com,/tours-expediciones-flores-peten-tikal-turistas-italia-recorrido-historia-naturaleza.html,400,0,1,/tours,revisar
selvamayatours.com,/chetumal-caye-caulker-mexico-caribbean-paradise.html,400,0,1,/service-page/flores-a-caye-caulker,auto
selvamayatours.com,/lanquin-guatemala-journey-caves-semuc-champey.html,400,0,1,/service-page/flores-a-lanquín,auto
selvamayatours.com,/tours-expediciones-flores-peten-tikal-viajeros-taiwan-explora-selva-templos-mayas.html,400,0,1,/tours,revisar
selvamayatours.com,/crater-azul-paraiso-aguas-cristalinas-peten.html,400,0,1,/tours,revisar
selvamayatours.com,/tours-expeditions-flores-peten-tikal-travelers-peru-discover-secrets-mayan-civilization.html,400,0,1,/tours,revisar
selvamayatours.com,/jaguar-maya-simbolo-poder-civilizacion-maya.html,400,0,1,/tours,revisar
selvamayatours.com,/lanquin-guatemala-viaje-cuevas-semuc-champey.html,400,0,1,/service-page/flores-a-lanquín,auto
selvamayatours.com,/flores-tikal-puerta-entrada-civilizacion-maya.html,400,0,1,/tours,revisar
selvamayatours.com,/belice-paraiso-caribeno-tu-alcance.html,400,0,1,/service-page/flores-a-ciudad-de-belice,revisar
selvamayatours.com,/tikal-tours-guatemala-city-explora-maravilla-maya-capital.html,400,0,1,/tours,revisar
jaguarmayatours.com,/category/tikal-tours,404,0,45,/tours,revisar
jaguarmayatours.com,/post/tour-a-tikal-desde-peten,404,0,31,/blog,revisar
jaguarmayatours.com,/category/belice-1,404,0,18,/tours,revisar
jaguarmayatours.com,/blog/categories/tours,404,0,14,/tours,revisar
jaguarmayatours.com,/product-page/tikal-día-tour-en-grupo-6-00-am-salida,404,0,9,/service-page/tikal-de-día-tour-grupo-1,auto
jaguarmayatours.com,/product-page/tikal-tour-personalizado,404,0,8,/tours,revisar
jaguarmayatours.com,/category/guatemala-magica-1,404,0,6,/tours,revisar
jaguarmayatours.com,/blog/categories/tikal,404,0,4,/tours,revisar
jaguarmayatours.com,/copia-de-nosotros,404,0,2,/,revisar
jaguarmayatours.com,/copia-de-flores-san-ignacio-belize,404,0,1,/,revisar
jaguarmayatours.com,/service-page/tikal-amanecer-en-grupo,404,0,1,/service-page/tikal-amanecer-tour-grupo-1,auto
