consulta,dominio,impresiones_16m,clics_16m,posicion_media,ctr_pct,tema
piramide tikal,selva,1365,2,"9,5","0,1",Pirámide de Tikal y pirámides mayas
piramide de tikal,selva,1099,2,"10,9","0,2",Pirámide de Tikal y pirámides mayas
pirámide de tikal,selva,668,1,"10,8","0,1",Pirámide de Tikal y pirámides mayas
templos mayas,selva,440,1,"8,1","0,2",Pirámide de Tikal y pirámides mayas
pirámide tikal,selva,320,1,"10,6","0,3",Pirámide de Tikal y pirámides mayas
playa chechenal,selva,319,2,"9,1","0,6",Chechenal y playas del lago Petén Itzá
selva de guatemala,jaguar+selva,296,0,"7,4","0,0",Selva de Petén / Guatemala / jungla maya
atardecer en yaxha,jaguar,283,8,"8,4","2,8",Atardecer en Yaxhá
selva de peten,selva,260,0,"9,1","0,0",Selva de Petén / Guatemala / jungla maya
chechenal,selva,252,1,"9,0","0,4",Chechenal y playas del lago Petén Itzá
jungla maya,selva,217,2,"7,9","0,9",Selva de Petén / Guatemala / jungla maya
yaxha atardecer,jaguar,209,7,"8,6","3,3",Atardecer en Yaxhá
cayo caulker belice como llegar,jaguar,190,0,"9,5","0,0",Transfers desde Flores (Belice y Guatemala)
selva del peten,selva,160,1,"9,9","0,6",Selva de Petén / Guatemala / jungla maya
playa el chechenal,selva,154,1,"9,8","0,6",Chechenal y playas del lago Petén Itzá
atardecer yaxha,jaguar,138,3,"7,5","2,2",Atardecer en Yaxhá
tour amanecer tikal,jaguar,137,4,"8,3","2,9",Tikal al amanecer y atardecer
la pirámide de tikal,selva,133,0,"9,6","0,0",Pirámide de Tikal y pirámides mayas
amanecer en tikal,jaguar+selva,126,2,"7,2","1,6",Tikal al amanecer y atardecer
selva guatemala,jaguar+selva,113,2,"10,5","1,8",Selva de Petén / Guatemala / jungla maya
flores to antigua,jaguar,107,0,"19,1","0,0",Transfers desde Flores (Belice y Guatemala)
danta tours,selva,107,0,"15,6","0,0",La Danta / El Mirador
tikal amanecer,jaguar+selva,102,2,"11,6","2,0",Tikal al amanecer y atardecer
piramides mayas guatemala,selva,99,1,"8,9","1,0",Pirámide de Tikal y pirámides mayas
selva de petén,jaguar+selva,96,1,"11,3","1,0",Selva de Petén / Guatemala / jungla maya
pirámides mayas en guatemala,selva,92,0,"8,8","0,0",Pirámide de Tikal y pirámides mayas
piramides guatemala,selva,88,0,"12,0","0,0",Pirámide de Tikal y pirámides mayas
flores to san ignacio shuttle,jaguar,86,3,"7,8","3,5",Transfers desde Flores (Belice y Guatemala)
atardecer en tikal,jaguar,82,0,"11,0","0,0",Tikal al amanecer y atardecer
selva peten,jaguar+selva,71,0,"9,4","0,0",Selva de Petén / Guatemala / jungla maya
tikal piramides,selva,70,0,"10,8","0,0",Pirámide de Tikal y pirámides mayas
la selva de guatemala,jaguar,67,0,"7,7","0,0",Selva de Petén / Guatemala / jungla maya
selva de peten guatemala,selva,67,0,"9,0","0,0",Selva de Petén / Guatemala / jungla maya
playa chechenal peten,selva,67,0,"10,4","0,0",Chechenal y playas del lago Petén Itzá
piramides de tikal,selva,67,0,"13,5","0,0",Pirámide de Tikal y pirámides mayas
flores to livingston,jaguar,66,2,"9,0","3,0",Transfers desde Flores (Belice y Guatemala)
piramides en guatemala,selva,65,0,"12,5","0,0",Pirámide de Tikal y pirámides mayas
guatemala selva,jaguar+selva,63,0,"9,4","0,0",Selva de Petén / Guatemala / jungla maya
piramides de guatemala,selva,62,0,"13,5","0,0",Pirámide de Tikal y pirámides mayas
pirámides de tikal,selva,60,0,"9,9","0,0",Pirámide de Tikal y pirámides mayas
selvas de guatemala,jaguar,59,0,"6,4","0,0",Selva de Petén / Guatemala / jungla maya
el chechenal,selva,58,0,"11,0","0,0",Chechenal y playas del lago Petén Itzá
tikal piramide,selva,58,0,"11,7","0,0",Pirámide de Tikal y pirámides mayas
piramides tikal,selva,57,0,"11,6","0,0",Pirámide de Tikal y pirámides mayas
selva guatemalteca,jaguar,56,1,"7,5","1,8",Selva de Petén / Guatemala / jungla maya
tour tikal amanecer,jaguar+selva,54,4,"9,8","7,4",Tikal al amanecer y atardecer
flores to caye caulker shuttle,jaguar,53,1,"9,2","1,9",Transfers desde Flores (Belice y Guatemala)
amanecer tikal,jaguar+selva,52,2,"9,1","3,8",Tikal al amanecer y atardecer
piramide maya tikal,selva,50,0,"8,6","0,0",Pirámide de Tikal y pirámides mayas
tour a tikal desde flores,selva,49,6,"12,5","12,2",Tikal al amanecer y atardecer
flores rio dulce,jaguar+selva,48,0,"5,0","0,0",
la piramide de tikal,selva,47,0,"9,6","0,0",Pirámide de Tikal y pirámides mayas
piramides tikal guatemala,selva,42,0,"9,6","0,0",Pirámide de Tikal y pirámides mayas
piramide de tical,selva,42,0,"10,1","0,0",Pirámide de Tikal y pirámides mayas
selva tropical de guatemala,jaguar,41,0,"4,5","0,0",Selva de Petén / Guatemala / jungla maya
la selva de peten,selva,41,0,"10,4","0,0",Selva de Petén / Guatemala / jungla maya
