url,titulo_seo,long_titulo,meta_descripcion,long_descripcion,nota
/,"Tours a Tikal desde Flores, Petén | Selva Maya Tours",52,"Tours a Tikal, Yaxhá y la selva de Petén con guía local, más transfers a Belice y Guatemala. Reserva por WhatsApp con Selva Maya Tours.",135,
/tours,"Tours en Petén: Tikal, Yaxhá y más | Selva Maya Tours",53,"Todos los tours de Selva Maya Tours desde Flores: Tikal de día, amanecer y atardecer, Yaxhá y transfers. Elige tu fecha y reserva en línea.",139,
/nosotros,"Quiénes somos | Selva Maya Tours en Flores, Petén",49,"Conoce a Selva Maya Tours: agencia local de Flores, Petén, con tours a Tikal y Yaxhá y transfers. Registrados en el Instituto de Turismo de Guatemala.",150,
/contacto,Contacto y reservas | Selva Maya Tours,38,"Escríbenos por WhatsApp o correo para reservar tours a Tikal, Yaxhá y transfers desde Flores, Petén. Respondemos con horarios y disponibilidad.",143,
/faqs,Preguntas frecuentes | Selva Maya Tours,39,"Respuestas sobre horarios, qué llevar, cancelaciones y reservas de los tours a Tikal y Yaxhá desde Flores, Petén. Resolvemos tus dudas antes de viajar.",151,
/blog,Blog de viajes a Tikal y Petén | Selva Maya Tours,49,"Guías y consejos para visitar Tikal, Yaxhá y Petén: qué llevar, cuándo ir y cómo elegir tu tour desde Flores. Planifica tu viaje con información local.",151,
/acerca-de,"Acerca de Selva Maya Tours | Flores, Petén",42,"Agencia de viajes local en Flores, Petén. Ofrecemos tours a Tikal y Yaxhá y transfers a Belice, México y Guatemala con atención directa por WhatsApp.",149,
/team,"Nuestro equipo | Selva Maya Tours en Flores, Petén",50,"Conoce a las personas detrás de Selva Maya Tours, el equipo local de Flores, Petén, que organiza tus tours a Tikal y Yaxhá y tus transfers por la región.",153,
/service-page/tikal-de-día-tour-grupo-1,Tour a Tikal de Día en Grupo desde Flores | Selva Maya Tours,60,"Tour de día a Tikal en grupo desde Flores, Petén, con guía. Consulta horarios y qué incluye, y reserva en línea o por WhatsApp.",127,"Confirmar con el cliente datos que no estén en el sitio (horarios, qué incluye) antes de publicar."
/service-page/tikal-amanecer-tour-grupo-1,Tikal al Amanecer en Grupo desde Flores | Selva Maya Tours,58,"Tour en grupo para ver el amanecer en Tikal desde Flores, Petén. Consulta horario de salida y qué incluye, y reserva en línea.",126,"Confirmar con el cliente datos que no estén en el sitio (horarios, qué incluye) antes de publicar."
/service-page/tikal-atardecer-tour-grupo,Tikal al Atardecer en Grupo desde Flores | Selva Maya Tours,59,"Tour en grupo para ver el atardecer en Tikal desde Flores, Petén. Consulta horario y qué incluye, y reserva en línea o por WhatsApp.",132,"Confirmar con el cliente datos que no estén en el sitio (horarios, qué incluye) antes de publicar."
/service-page/yaxha-de-día-tour-grupo,Tour a Yaxhá de Día en Grupo desde Flores | Selva Maya Tours,60,"Tour de día en grupo a Yaxhá y su laguna desde Flores, Petén, con guía. Consulta horarios y reserva en línea con Selva Maya Tours.",130,"Confirmar con el cliente datos que no estén en el sitio (horarios, qué incluye) antes de publicar."
/service-page/atardecer-yaxha-tour-grupo-1,Atardecer en Yaxhá en Grupo desde Flores | Selva Maya Tours,59,"Tour en grupo para ver el atardecer en Yaxhá, frente a la laguna, desde Flores, Petén. Consulta horario y reserva en línea.",123,"Confirmar con el cliente datos que no estén en el sitio (horarios, qué incluye) antes de publicar."
/service-page/flores-a-ciudad-de-belice,Transfer de Flores a Ciudad de Belice | Selva Maya Tours,56,"Transporte (shuttle) de Flores, Petén, a Ciudad de Belice. Consulta horarios y precio, y reserva en línea con Selva Maya Tours.",127,"Confirmar con el cliente datos que no estén en el sitio (horarios, qué incluye) antes de publicar."
/service-page/flores-a-san-ignacio-belice,"Transfer de Flores a San Ignacio, Belice | Selva Maya Tours",59,"Transporte (shuttle) de Flores, Petén, a San Ignacio, Belice. Consulta horarios y precio, y reserva en línea o por WhatsApp.",124,"Confirmar con el cliente datos que no estén en el sitio (horarios, qué incluye) antes de publicar."
/service-page/flores-a-caye-caulker,Transfer de Flores a Caye Caulker | Selva Maya Tours,52,"Transporte de Flores, Petén, a Caye Caulker, Belice. Consulta horarios, qué incluye y precio, y reserva en línea o por WhatsApp con Selva Maya Tours.",149,"Confirmar con el cliente datos que no estén en el sitio (horarios, qué incluye) antes de publicar."
/service-page/flores-a-caye-san-pedro,Transfer de Flores a Caye San Pedro | Selva Maya Tours,54,"Transporte de Flores, Petén, a San Pedro (Ambergris Caye), Belice. Consulta horarios, qué incluye y precio, y reserva en línea con Selva Maya Tours.",148,"Confirmar con el cliente datos que no estén en el sitio (horarios, qué incluye) antes de publicar."
/service-page/flores-a-chetumal-méxico,"Transfer de Flores a Chetumal, México | Selva Maya Tours",56,"Transporte (shuttle) de Flores, Petén, a Chetumal, México. Consulta horarios y precio, y reserva en línea con Selva Maya Tours.",127,"Confirmar con el cliente datos que no estén en el sitio (horarios, qué incluye) antes de publicar."
/service-page/flores-a-bacalar-méxico,"Transfer de Flores a Bacalar, México | Selva Maya Tours",55,"Transporte (shuttle) de Flores, Petén, a Bacalar, México. Consulta horarios y precio, y reserva en línea o por WhatsApp.",120,"Confirmar con el cliente datos que no estén en el sitio (horarios, qué incluye) antes de publicar."
/service-page/flores-a-lanquín,Transfer de Flores a Lanquín | Selva Maya Tours,47,"Transporte de Flores, Petén, a Lanquín, punto de partida para Semuc Champey. Consulta horarios, qué incluye y precio, y reserva en línea con Selva Maya Tours.",158,"Confirmar con el cliente datos que no estén en el sitio (horarios, qué incluye) antes de publicar."
/service-page/flores-a-río-dulce,Transfer de Flores a Río Dulce | Selva Maya Tours,49,"Transporte (shuttle) de Flores, Petén, a Río Dulce, Izabal. Consulta horarios y precio, y reserva en línea con Selva Maya Tours.",128,"Confirmar con el cliente datos que no estén en el sitio (horarios, qué incluye) antes de publicar."
/service-page/flores-a-livingston,Transfer de Flores a Livingston | Selva Maya Tours,50,"Transporte de Flores, Petén, a Livingston, Izabal. Consulta horarios, qué incluye y precio, y reserva en línea o por WhatsApp con Selva Maya Tours.",147,"Confirmar con el cliente datos que no estén en el sitio (horarios, qué incluye) antes de publicar."
/service-page/flores-a-ciudad-de-guatemala,Transfer de Flores a Ciudad de Guatemala | Selva Maya Tours,59,"Transporte de Flores, Petén, a Ciudad de Guatemala. Consulta horarios y precio, y reserva en línea con Selva Maya Tours.",120,"Confirmar con el cliente datos que no estén en el sitio (horarios, qué incluye) antes de publicar."
/service-page/flores-a-antigua-guatemala-directo,Transfer Directo Flores a Antigua | Selva Maya Tours,52,"Transporte directo de Flores, Petén, a Antigua Guatemala. Consulta horarios, qué incluye y precio, y reserva en línea o por WhatsApp con Selva Maya Tours.",154,"Confirmar con el cliente datos que no estén en el sitio (horarios, qué incluye) antes de publicar."
/service-page/flores-a-panajachel,"Transfer de Flores a Panajachel, Atitlán | Selva Maya Tours",59,"Transporte de Flores, Petén, a Panajachel, en el lago de Atitlán. Consulta horarios, qué incluye y precio, y reserva en línea con Selva Maya Tours.",147,"Confirmar con el cliente datos que no estén en el sitio (horarios, qué incluye) antes de publicar."
