Old URL,New URL
/trek-piramide-la-danta-aventura-selva-profunda.html,/tours
/belice-flores-viaje-selva-mar-caribe.html,/service-page/flores-a-ciudad-de-belice
/product-page/atardecer-yaxha-1,/service-page/atardecer-yaxha-tour-grupo-1
/product-page/tikal-amanecer-en-grupo,/service-page/tikal-amanecer-tour-grupo-1
/lanquin-flores-viaje-cuevas-semuc-champey.html,/service-page/flores-a-lanquín
/biosfera-aventura-explora-reserva-natural-mas-grande-guatemala.html,/tours
/product-page/atardecer-yaxha,/service-page/atardecer-yaxha-tour-grupo-1
/product-page/transfer-flores-a-caye-caulker,/service-page/flores-a-caye-caulker
/product-page/tikal-atardecer-en-grupo,/service-page/tikal-atardecer-tour-grupo
/product-page/transfer-flores-a-ciudad-de-belice,/service-page/flores-a-ciudad-de-belice
/tour-selva-aventura-naturaleza-peten.html,/tours
/jungle-tour-adventure-peten-natural-beauty.html,/tours
/flores-rio-dulce-navega-naturaleza-cultura.html,/service-page/flores-a-río-dulce
/product-page/flores-a-río-dulce,/service-page/flores-a-río-dulce
/tour-tikal-flores-peten-explora-maravilla-maya.html,/service-page/tikal-de-día-tour-grupo-1
/chechenal-playas-arena-blanca-lago-peten-itza.html,/tours
/piramide-tikal-estructura-imponente-civilizacion-maya.html,/service-page/tikal-de-día-tour-grupo-1
/product-page/transfer-flores-a-chetumal-méxico,/service-page/flores-a-chetumal-méxico
/post/https-www-jaguarmayatours-com,/blog
/tours-expeditions-flores-peten-tikal-travelers-guatemala-discover-mayan-jungle.html,/service-page/tikal-de-día-tour-grupo-1
/jungla-maya-viaje-tierra-antiguos-mayas.html,/tours
/jungla-jaguar-explora-habitat-felino-majestuoso.html,/tours
/product-page/transfer-flores-a-antigua-guatemala,/service-page/flores-a-antigua-guatemala-directo
/product-page/transfer-flores-a-panajachel,/service-page/flores-a-panajachel
/guatemala-tours-discover-natural-cultural-treasures.html,/tours
/tour-crater-azul-paraiso-aguas-cristalinas-peten.html,/tours
/amanecer-tikal-belleza-nuevo-dia.html,/service-page/tikal-amanecer-tour-grupo-1
/piramide-guatemala-descubre-templos-mayas-impresionantes.html,/service-page/tikal-de-día-tour-grupo-1
/jungla-aventura-vive-emocion-explorar-selva-maya.html,/tours
/post/tikal-amanecer-desde-floresguatemala,/service-page/tikal-amanecer-tour-grupo-1
/caye-caulker-beach-relajate-paraiso-caribeno-belice.html,/service-page/flores-a-caye-caulker
/tikal-tour-descubre-maravilla-arqueologica-guatemala.html,/service-page/tikal-de-día-tour-grupo-1
/amanecer-tikal-belleza-nuevo-dia-izabal.html,/service-page/tikal-amanecer-tour-grupo-1
/product-page/transfer-flores-a-caye-san-pedro,/service-page/flores-a-caye-san-pedro
/tours-guatemala-adventure-history-nature-one-destination.html,/tours
/jaguar-jungle-explore-habitat-majestic-feline.html,/tours
/tours-expediciones-flores-peten-tikal-turistas-egipto-descubre-arquitectura-maya.html,/service-page/tikal-de-día-tour-grupo-1
/tours-expeditions-flores-peten-tikal-travelers-united-kingdom-journey-mayan-jungle.html,/service-page/tikal-de-día-tour-grupo-1
/sunset-tikal-magic-mayan-twilight.html,/service-page/tikal-atardecer-tour-grupo
/product-page/transfer-flores-a-lanquín,/service-page/flores-a-lanquín
/product-page/tikal-día-tour-en-grupo-8-00-am-salida,/service-page/tikal-de-día-tour-grupo-1
/crater-azul-santuario-natural-aguas-cristalinas-peten.html,/tours
/jungla-explora-naturaleza-salvaje-peten.html,/tours
/mopan-descubre-cultura-naturaleza-region.html,/service-page/flores-a-san-ignacio-belice
/imagen-selva-descubre-belleza-natural-selva-maya.html,/tours
/tours-flores-explora-tesoros-peten.html,/tours
/transfer-flores-connection-adventure-peten.html,/tours
/biosphere-adventure-explore-guatemala-largest-natural-reserve.html,/tours
/mopan-discover-culture-nature-region.html,/service-page/flores-a-san-ignacio-belice
/lanquin-flores-journey-caves-semuc-champey.html,/service-page/flores-a-lanquín
/selva-maya-tours-explora-la-civilizacion-maya-en-tikal-y-peten-con-tours-guiados-reserva-desde-suiza.html,/service-page/tikal-de-día-tour-grupo-1
/tours-expeditions-flores-peten-tikal-travelers-bangladesh-discover-mysteries-tikal.html,/service-page/tikal-de-día-tour-grupo-1
/tours-expeditions-flores-peten-tikal-tourists-canada-journey-history-nature.html,/service-page/tikal-de-día-tour-grupo-1
/antigua-tikal-tour-colonial-charm-mayan-wonders.html,/service-page/flores-a-antigua-guatemala-directo
/product-page/transfer-flores-a-livinston,/service-page/flores-a-livingston
/category/all-products,/tours
/product-page/transfer-flores-a-guatemala,/service-page/flores-a-ciudad-de-guatemala
/product-page/yaxha-de-día,/service-page/yaxha-de-día-tour-grupo
/product-page/tikal-día-tour-en-grupo,/service-page/tikal-de-día-tour-grupo-1
/post/tikal-amanecer-desde-peten,/service-page/tikal-amanecer-tour-grupo-1
/product-page/tikal-día-tour-en-grupo-10-00-am-salida,/service-page/tikal-de-día-tour-grupo-1
/service-page/flores-livingston,/service-page/flores-a-livingston
/tours-expeditions-flores-peten-tikal-travelers-united-states-journey-mayan-culture.html,/service-page/tikal-de-día-tour-grupo-1
/tours-expediciones-flores-peten-tikal-turistas-malasia-viaje-historia-antigua.html,/service-page/flores-a-antigua-guatemala-directo
/tikal-tour-flores-explore-mayan-wonder.html,/service-page/tikal-de-día-tour-grupo-1
/chechenal-white-sand-beaches-lake-peten-itza.html,/tours
/tours-expeditions-flores-peten-tikal-tourists-egypt-discover-mayan-architecture.html,/service-page/tikal-de-día-tour-grupo-1
/amanecer-tikal-belleza-nuevo-dia-rumania.html,/service-page/tikal-amanecer-tour-grupo-1
/aventura-mayas-vive-historia-naturaleza-solo-viaje.html,/tours
/tours-expediciones-flores-peten-tikal-turistas-brasil-descubre-magia-tikal.html,/service-page/tikal-de-día-tour-grupo-1
/guatemala-tours-descubre-magia-tierra-maya.html,/tours
/amanecer-tikal-belleza-nuevo-dia-japon.html,/service-page/tikal-amanecer-tour-grupo-1
/amanecer-tikal-belleza-nuevo-dia-jalapa.html,/service-page/tikal-amanecer-tour-grupo-1
/caye-caulker-paraiso-caribeno-aventureros-viajeros.html,/service-page/flores-a-caye-caulker
/flores-maya-historia-cultura-isla-flores.html,/tours
/viajes-tikal-flores-peten-historia-naturaleza-tour.html,/service-page/tikal-de-día-tour-grupo-1
/pyramid-tikal-monument-mayan-greatness.html,/service-page/tikal-de-día-tour-grupo-1
/amanecer-tikal-belleza-nuevo-dia-kenia.html,/service-page/tikal-amanecer-tour-grupo-1
/amanecer-tikal-belleza-nuevo-dia-tunez.html,/service-page/tikal-amanecer-tour-grupo-1
/tour-isla-flores-encanto-colonial-corazon-peten.html,/tours
/tours-expeditions-flores-peten-tikal-travelers-taiwan-explore-jungle-mayan-temples.html,/service-page/tikal-de-día-tour-grupo-1
/image-jaguar-majesty-jungle-feline.html,/tours
/tours-expediciones-flores-peten-tikal-viajeros-guatemala-descubre-selva-maya.html,/service-page/tikal-de-día-tour-grupo-1
/tours-expeditions-flores-peten-tikal-adventurers-belize-explore-mayan-civilization.html,/service-page/flores-a-ciudad-de-belice
/amanecer-tikal-belleza-nuevo-dia-solola.html,/service-page/tikal-amanecer-tour-grupo-1
/isla-flores-guatemala-colonial-charm-heart-peten.html,/tours
/caye-san-pedro-flores-aventura-relax-belice.html,/service-page/flores-a-caye-san-pedro
/isla-flores-guatemala-encanto-colonial-corazon-peten.html,/tours
/amanecer-tikal-belleza-nuevo-dia-rusia.html,/service-page/tikal-amanecer-tour-grupo-1
/maya-tour-recorrido-historia-naturaleza.html,/tours
/amanecer-tikal-belleza-nuevo-dia-peten.html,/service-page/tikal-amanecer-tour-grupo-1
/tikal-tours-guatemala-city-explore-mayan-wonder-capital.html,/service-page/tikal-de-día-tour-grupo-1
/atardecer-yaxha-espectaculo-natural-laguna.html,/service-page/atardecer-yaxha-tour-grupo-1
/tour-tikal-flores-historical-adventure-mayan-jungle.html,/service-page/tikal-de-día-tour-grupo-1
/caye-caulker-flores-relax-belizean-caribbean.html,/service-page/flores-a-caye-caulker
/amanecer-tikal-belleza-nuevo-dia-zacapa.html,/service-page/tikal-amanecer-tour-grupo-1
/rio-dulce-flores-sail-nature-culture.html,/service-page/flores-a-río-dulce
/flores-rio-dulce-sail-through-nature-culture.html,/service-page/flores-a-río-dulce
/amanecer-tikal-belleza-nuevo-dia-la-india.html,/service-page/tikal-amanecer-tour-grupo-1
/tours-expeditions-flores-peten-tikal-explorers-vietnam-history-nature-tour.html,/service-page/tikal-de-día-tour-grupo-1
/flores-maya-history-culture-isla-flores.html,/tours
/amanecer-tikal-belleza-nuevo-dia-quiche.html,/service-page/tikal-amanecer-tour-grupo-1
/crater-azul-paradise-crystal-clear-waters-peten.html,/tours
/guatemala-tours-discover-magic-mayan-land.html,/tours
/tours-expediciones-flores-peten-tikal-exploradores-vietnam-historia-naturaleza-tour.html,/service-page/tikal-de-día-tour-grupo-1
/tours-flores-explore-treasures-peten.html,/tours
/tours-expeditions-flores-peten-tikal-tourists-brazil-discover-magic-tikal.html,/service-page/tikal-de-día-tour-grupo-1
/tours-expeditions-flores-peten-tikal-tourists-turkey-experience-magic-mayan-culture.html,/service-page/tikal-de-día-tour-grupo-1
/sunrise-tikal-beauty-new-day.html,/service-page/tikal-amanecer-tour-grupo-1
/amanecer-tikal-belleza-nuevo-dia-ecuador.html,/service-page/tikal-amanecer-tour-grupo-1
/amanecer-tikal-belleza-nuevo-dia-usa.html,/service-page/tikal-amanecer-tour-grupo-1
/caye-caulker-flores-relajate-caribe-beliceno.html,/service-page/flores-a-caye-caulker
/tikal-tour-antigua-viaja-ciudad-colonial-selva-maya.html,/service-page/flores-a-antigua-guatemala-directo
/tours-expeditions-flores-peten-tikal-tourists-mexico-experience-mayan-adventure.html,/service-page/tikal-de-día-tour-grupo-1
/amanecer-tikal-belleza-nuevo-dia-mexico.html,/service-page/tikal-amanecer-tour-grupo-1
/tours-expediciones-flores-peten-tikal-turistas-italia-recorrido-historia-naturaleza.html,/service-page/tikal-de-día-tour-grupo-1
/chetumal-caye-caulker-mexico-caribbean-paradise.html,/service-page/flores-a-caye-caulker
/lanquin-guatemala-journey-caves-semuc-champey.html,/service-page/flores-a-lanquín
/tours-expediciones-flores-peten-tikal-viajeros-taiwan-explora-selva-templos-mayas.html,/service-page/tikal-de-día-tour-grupo-1
/crater-azul-paraiso-aguas-cristalinas-peten.html,/tours
/tours-expeditions-flores-peten-tikal-travelers-peru-discover-secrets-mayan-civilization.html,/service-page/tikal-de-día-tour-grupo-1
/jaguar-maya-simbolo-poder-civilizacion-maya.html,/tours
/lanquin-guatemala-viaje-cuevas-semuc-champey.html,/service-page/flores-a-lanquín
/flores-tikal-puerta-entrada-civilizacion-maya.html,/service-page/tikal-de-día-tour-grupo-1
/belice-paraiso-caribeno-tu-alcance.html,/service-page/flores-a-ciudad-de-belice
/tikal-tours-guatemala-city-explora-maravilla-maya-capital.html,/service-page/tikal-de-día-tour-grupo-1
/category/tikal-tours,/tours
/post/tour-a-tikal-desde-peten,/service-page/tikal-de-día-tour-grupo-1
/category/belice-1,/tours
/blog/categories/tours,/blog/categories/tours-1
/product-page/tikal-día-tour-en-grupo-6-00-am-salida,/service-page/tikal-de-día-tour-grupo-1
/product-page/tikal-tour-personalizado,/tours
/category/guatemala-magica-1,/tours
/blog/categories/tikal,/blog/categories/tikal-1
/copia-de-nosotros,/nosotros
/copia-de-flores-san-ignacio-belize,/service-page/flores-a-san-ignacio-belice
/service-page/tikal-amanecer-en-grupo,/service-page/tikal-amanecer-tour-grupo-1
