url,nombre,tipo_schema,precio,moneda,duracion_publicada_hoy,descripcion_propuesta,duracion_real,punto_de_recogida,nota
/service-page/flores-a-caye-san-pedro,Flores a Caye San Pedro,Service,350,GTQ,30 min,"Traslado de Flores, Petén, a Caye San Pedro. Reserva en línea o por WhatsApp.",,,"Precio tomado de la página actual. La página muestra «30 min» de duración, que parece un valor de plantilla: completar duracion_real y pasarla a la descripción."
/service-page/flores-a-lanquín,Flores a Lanquín,Service,250,GTQ,30 min,"Traslado de Flores, Petén, a Lanquín. Reserva en línea o por WhatsApp.",,,"Precio tomado de la página actual. La página muestra «30 min» de duración, que parece un valor de plantilla: completar duracion_real y pasarla a la descripción."
/service-page/tikal-amanecer-tour-grupo-1,Tikal Amanecer - Tour Grupo,TouristTrip,500,GTQ,30 min,"Tour en grupo para ver el amanecer en Tikal desde Flores, Petén.",,,"Precio tomado de la página actual. La página muestra «30 min» de duración, que parece un valor de plantilla: completar duracion_real y pasarla a la descripción."
/service-page/flores-a-caye-caulker,Flores a Caye Caulker,Service,325,GTQ,30 min,"Traslado de Flores, Petén, a Caye Caulker. Reserva en línea o por WhatsApp.",,,"Precio tomado de la página actual. La página muestra «30 min» de duración, que parece un valor de plantilla: completar duracion_real y pasarla a la descripción."
/service-page/flores-a-chetumal-méxico,"Flores a Chetumal, México",Service,350,GTQ,30 min,"Traslado de Flores, Petén, a Chetumal, México. Reserva en línea o por WhatsApp.",,,"Precio tomado de la página actual. La página muestra «30 min» de duración, que parece un valor de plantilla: completar duracion_real y pasarla a la descripción."
/service-page/yaxha-de-día-tour-grupo,Yaxha de Día - Tour Grupo,TouristTrip,175,GTQ,30 min,"Tour en grupo de día a la ciudad maya de Yaxhá desde Flores, Petén.",,,"Precio tomado de la página actual. La página muestra «30 min» de duración, que parece un valor de plantilla: completar duracion_real y pasarla a la descripción."
/service-page/flores-a-ciudad-de-belice,Flores a Ciudad de Belice,Service,175,GTQ,30 min,"Traslado de Flores, Petén, a Ciudad de Belice. Reserva en línea o por WhatsApp.",,,"Precio tomado de la página actual. La página muestra «30 min» de duración, que parece un valor de plantilla: completar duracion_real y pasarla a la descripción."
/service-page/flores-a-ciudad-de-guatemala,Flores a Ciudad de Guatemala,Service,250,GTQ,30 min,"Traslado de Flores, Petén, a Ciudad de Guatemala. Reserva en línea o por WhatsApp.",,,"Precio tomado de la página actual. La página muestra «30 min» de duración, que parece un valor de plantilla: completar duracion_real y pasarla a la descripción."
/service-page/flores-a-livingston,Flores a Livingston,Service,300,GTQ,30 min,"Traslado de Flores, Petén, a Livingston. Reserva en línea o por WhatsApp.",,,"Precio tomado de la página actual. La página muestra «30 min» de duración, que parece un valor de plantilla: completar duracion_real y pasarla a la descripción."
/service-page/flores-a-bacalar-méxico,"Flores a Bacalar, México",Service,375,GTQ,30 min,"Traslado de Flores, Petén, a Bacalar, México. Reserva en línea o por WhatsApp.",,,"Precio tomado de la página actual. La página muestra «30 min» de duración, que parece un valor de plantilla: completar duracion_real y pasarla a la descripción."
/service-page/flores-a-san-ignacio-belice,Flores a San Ignacio Belice,Service,150,GTQ,,"Traslado de Flores, Petén, a San Ignacio Belice. Reserva en línea o por WhatsApp.",,,Precio tomado de la página actual. La página no muestra duración: completar duracion_real.
/service-page/tikal-de-día-tour-grupo-1,Tikal de Día - Tour Grupo,TouristTrip,175,GTQ,30 min,"Tour en grupo de día completo a Tikal desde Flores, Petén.",,,"Precio tomado de la página actual. La página muestra «30 min» de duración, que parece un valor de plantilla: completar duracion_real y pasarla a la descripción."
/service-page/tikal-atardecer-tour-grupo,Tikal Atardecer - Tour Grupo,TouristTrip,500,GTQ,30 min,"Tour en grupo para ver el atardecer en Tikal desde Flores, Petén.",,,"Precio tomado de la página actual. La página muestra «30 min» de duración, que parece un valor de plantilla: completar duracion_real y pasarla a la descripción."
/service-page/flores-a-panajachel,Flores a Panajachel,Service,450,GTQ,30 min,"Traslado de Flores, Petén, a Panajachel. Reserva en línea o por WhatsApp.",,,"Precio tomado de la página actual. La página muestra «30 min» de duración, que parece un valor de plantilla: completar duracion_real y pasarla a la descripción."
/service-page/atardecer-yaxha-tour-grupo-1,Atardecer Yaxha - Tour Grupo,TouristTrip,175,GTQ,30 min,"Tour en grupo para ver el atardecer en la ciudad maya de Yaxhá desde Flores, Petén.",,,"Precio tomado de la página actual. La página muestra «30 min» de duración, que parece un valor de plantilla: completar duracion_real y pasarla a la descripción."
/service-page/flores-a-río-dulce,Flores a Río Dulce,Service,150,GTQ,30 min,"Traslado de Flores, Petén, a Río Dulce. Reserva en línea o por WhatsApp.",,,"Precio tomado de la página actual. La página muestra «30 min» de duración, que parece un valor de plantilla: completar duracion_real y pasarla a la descripción."
/service-page/flores-a-antigua-guatemala-directo,Flores a Antigua Guatemala - Directo,Service,300,GTQ,30 min,"Traslado directo de Flores, Petén, a Antigua Guatemala. Reserva en línea o por WhatsApp.",,,"Precio tomado de la página actual. La página muestra «30 min» de duración, que parece un valor de plantilla: completar duracion_real y pasarla a la descripción."
